{"cameraMode":{"drawMode":0,"name":"Shaded","section":"Shading Mode"},"sceneLighting":true,"audioPlay":false,"sceneViewState":{"m_AlwaysRefresh":false,"showFog":true,"showSkybox":true,"showFlares":true,"showImageEffects":true,"showParticleSystems":true,"showVisualEffectGraphs":true,"m_FxEnabled":true},"in2DMode":false,"pivot":{"x":2.4600167274475099,"y":0.6664958000183106,"z":-1.245802879333496},"rotation":{"x":0.20409364998340608,"y":-0.5912115573883057,"z":0.15790832042694093,"w":0.7641293406486511},"size":13.231992721557618,"orthographic":false}